attack,base_happiness,cap_rate,defense,exp_growth,height,hp,name,pokedex_number,speed,type_1,type_2,weight,generation,is_legendary
49,70,45,49,1059860,0.7,45,Bulbasaur,1,45,grass,poison,6.9,1,0
62,70,45,63,1059860,1.0,60,Ivysaur,2,60,grass,poison,13.0,1,0
100,70,45,123,1059860,2.0,80,Venusaur,3,80,grass,poison,100.0,1,0
52,70,45,43,1059860,0.6,39,Charmander,4,65,fire,,8.5,1,0
64,70,45,58,1059860,1.1,58,Charmeleon,5,80,fire,,19.0,1,0
104,70,45,78,1059860,1.7,78,Charizard,6,100,fire,flying,90.5,1,0
48,70,45,65,1059860,0.5,44,Squirtle,7,43,water,,9.0,1,0
63,70,45,80,1059860,1.0,59,Wartortle,8,58,water,,22.5,1,0
103,70,45,120,1059860,1.6,79,Blastoise,9,78,water,,85.5,1,0
30,70,255,35,1000000,0.3,45,Caterpie,10,45,bug,,2.9,1,0
20,70,120,55,1000000,0.7,50,Metapod,11,30,bug,,9.9,1,0
45,70,45,50,1000000,1.1,60,Butterfree,12,70,bug,flying,32.0,1,0
35,70,255,30,1000000,0.3,40,Weedle,13,50,bug,poison,3.2,1,0
25,70,120,50,1000000,0.6,45,Kakuna,14,35,bug,poison,10.0,1,0
150,70,45,40,1000000,1.0,65,Beedrill,15,145,bug,poison,29.5,1,0
45,70,255,40,1059860,0.3,40,Pidgey,16,56,normal,flying,1.8,1,0
60,70,120,55,1059860,1.1,63,Pidgeotto,17,71,normal,flying,30.0,1,0
80,70,45,80,1059860,1.5,83,Pidgeot,18,121,normal,flying,39.5,1,0
56,70,255,35,1000000,,30,Rattata,19,72,normal,dark,,1,0
71,70,127,70,1000000,,75,Raticate,20,77,normal,dark,,1,0
60,70,255,30,1000000,0.3,40,Spearow,21,70,normal,flying,2.0,1,0
90,70,90,65,1000000,1.2,65,Fearow,22,100,normal,flying,38.0,1,0
60,70,255,44,1000000,2.0,35,Ekans,23,55,poison,,6.9,1,0
95,70,90,69,1000000,3.5,60,Arbok,24,80,poison,,65.0,1,0
55,70,190,40,1000000,0.4,35,Pikachu,25,90,electric,,6.0,1,0
85,70,75,50,1000000,,60,Raichu,26,110,electric,electric,,1,0
75,70,255,90,1000000,,50,Sandshrew,27,40,ground,ice,,1,0
100,70,90,120,1000000,,75,Sandslash,28,65,ground,ice,,1,0
47,70,235,52,1059860,0.4,55,Nidoran♀,29,41,poison,,7.0,1,0
62,70,120,67,1059860,0.8,70,Nidorina,30,56,poison,,20.0,1,0
92,70,45,87,1059860,1.3,90,Nidoqueen,31,76,poison,ground,60.0,1,0
57,70,235,40,1059860,0.5,46,Nidoran♂,32,50,poison,,9.0,1,0
72,70,120,57,1059860,0.9,61,Nidorino,33,65,poison,,19.5,1,0
102,70,45,77,1059860,1.4,81,Nidoking,34,85,poison,ground,62.0,1,0
45,140,150,48,800000,0.6,70,Clefairy,35,35,fairy,,7.5,1,0
70,140,25,73,800000,1.3,95,Clefable,36,60,fairy,,40.0,1,0
41,70,190,40,1000000,,38,Vulpix,37,65,fire,ice,,1,0
67,70,75,75,1000000,,73,Ninetales,38,109,fire,ice,,1,0
45,70,170,20,800000,0.5,115,Jigglypuff,39,20,normal,fairy,5.5,1,0
70,70,50,45,800000,1.0,140,Wigglytuff,40,45,normal,fairy,12.0,1,0
45,70,255,35,1000000,0.8,40,Zubat,41,55,poison,flying,7.5,1,0
80,70,90,70,1000000,1.6,75,Golbat,42,90,poison,flying,55.0,1,0
50,70,255,55,1059860,0.5,45,Oddish,43,30,grass,poison,5.4,1,0
65,70,120,70,1059860,0.8,60,Gloom,44,40,grass,poison,8.6,1,0
80,70,45,85,1059860,1.2,75,Vileplume,45,50,grass,poison,18.6,1,0
70,70,190,55,1000000,0.3,35,Paras,46,25,bug,grass,5.4,1,0
95,70,75,80,1000000,1.0,60,Parasect,47,30,bug,grass,29.5,1,0
55,70,190,50,1000000,1.0,60,Venonat,48,45,bug,poison,30.0,1,0
65,70,75,60,1000000,1.5,70,Venomoth,49,90,bug,poison,12.5,1,0
55,70,255,30,1000000,,10,Diglett,50,90,ground,ground,,1,0
100,70,50,60,1000000,,35,Dugtrio,51,110,ground,ground,,1,0
35,70,255,35,1000000,,40,Meowth,52,90,normal,dark,,1,0
60,70,90,60,1000000,,65,Persian,53,115,normal,dark,,1,0
52,70,190,48,1000000,0.8,50,Psyduck,54,55,water,,19.6,1,0
82,70,75,78,1000000,1.7,80,Golduck,55,85,water,,76.6,1,0
80,70,190,35,1000000,0.5,40,Mankey,56,70,fighting,,28.0,1,0
105,70,75,60,1000000,1.0,65,Primeape,57,95,fighting,,32.0,1,0
70,70,190,45,1250000,0.7,55,Growlithe,58,60,fire,,19.0,1,0
110,70,75,80,1250000,1.9,90,Arcanine,59,95,fire,,155.0,1,0
50,70,255,40,1059860,0.6,40,Poliwag,60,90,water,,12.4,1,0
65,70,120,65,1059860,1.0,65,Poliwhirl,61,90,water,,20.0,1,0
95,70,45,95,1059860,1.3,90,Poliwrath,62,70,water,fighting,54.0,1,0
20,70,200,15,1059860,0.9,25,Abra,63,90,psychic,,19.5,1,0
35,70,100,30,1059860,1.3,40,Kadabra,64,105,psychic,,56.5,1,0
50,70,50,65,1059860,1.5,55,Alakazam,65,150,psychic,,48.0,1,0
80,70,180,50,1059860,0.8,70,Machop,66,35,fighting,,19.5,1,0
100,70,90,70,1059860,1.5,80,Machoke,67,45,fighting,,70.5,1,0
130,70,45,80,1059860,1.6,90,Machamp,68,55,fighting,,130.0,1,0
75,70,255,35,1059860,0.7,50,Bellsprout,69,40,grass,poison,4.0,1,0
90,70,120,50,1059860,1.0,65,Weepinbell,70,55,grass,poison,6.4,1,0
105,70,45,65,1059860,1.7,80,Victreebel,71,70,grass,poison,15.5,1,0
40,70,190,35,1250000,0.9,40,Tentacool,72,70,water,poison,45.5,1,0
70,70,60,65,1250000,1.6,80,Tentacruel,73,100,water,poison,55.0,1,0
80,70,255,100,1059860,,40,Geodude,74,20,rock,ground,,1,0
95,70,120,115,1059860,,55,Graveler,75,35,rock,ground,,1,0
120,70,45,130,1059860,,80,Golem,76,45,rock,ground,,1,0
85,70,190,55,1000000,1.0,50,Ponyta,77,90,fire,,30.0,1,0
100,70,60,70,1000000,1.7,65,Rapidash,78,105,fire,,95.0,1,0
65,70,190,65,1000000,1.2,90,Slowpoke,79,15,water,psychic,36.0,1,0
75,70,75,180,1000000,1.6,95,Slowbro,80,30,water,psychic,78.5,1,0
35,70,190,70,1000000,0.3,25,Magnemite,81,45,electric,steel,6.0,1,0
60,70,60,95,1000000,1.0,50,Magneton,82,70,electric,steel,60.0,1,0
90,70,45,55,1000000,0.8,52,Farfetch'd,83,60,normal,flying,15.0,1,0
85,70,190,45,1000000,1.4,35,Doduo,84,75,normal,flying,39.2,1,0
110,70,45,70,1000000,1.8,60,Dodrio,85,110,normal,flying,85.2,1,0
45,70,190,55,1000000,1.1,65,Seel,86,45,water,,90.0,1,0
70,70,75,80,1000000,1.7,90,Dewgong,87,70,water,ice,120.0,1,0
80,70,190,50,1000000,,80,Grimer,88,25,poison,poison,,1,0
105,70,75,75,1000000,,105,Muk,89,50,poison,poison,,1,0
65,70,190,100,1250000,0.3,30,Shellder,90,40,water,,4.0,1,0
95,70,60,180,1250000,1.5,50,Cloyster,91,70,water,ice,132.5,1,0
35,70,190,30,1059860,1.3,30,Gastly,92,80,ghost,poison,0.1,1,0
50,70,90,45,1059860,1.6,45,Haunter,93,95,ghost,poison,0.1,1,0
65,70,45,80,1059860,1.5,60,Gengar,94,130,ghost,poison,40.5,1,0
45,70,45,160,1000000,8.8,35,Onix,95,70,rock,ground,210.0,1,0
48,70,190,45,1000000,1.0,60,Drowzee,96,42,psychic,,32.4,1,0
73,70,75,70,1000000,1.6,85,Hypno,97,67,psychic,,75.6,1,0
105,70,225,90,1000000,0.4,30,Krabby,98,50,water,,6.5,1,0
130,70,60,115,1000000,1.3,55,Kingler,99,75,water,,60.0,1,0
30,70,190,50,1000000,0.5,40,Voltorb,100,100,electric,,10.4,1,0
50,70,60,70,1000000,1.2,60,Electrode,101,150,electric,,66.6,1,0
40,70,90,80,1250000,0.4,60,Exeggcute,102,40,grass,psychic,2.5,1,0
105,70,45,85,1250000,,95,Exeggutor,103,45,grass,psychic,,1,0
50,70,190,95,1000000,0.4,50,Cubone,104,35,ground,,6.5,1,0
80,70,75,110,1000000,,60,Marowak,105,45,ground,fire,,1,0
120,70,45,53,1000000,1.5,50,Hitmonlee,106,87,fighting,,49.8,1,0
105,70,45,79,1000000,1.4,50,Hitmonchan,107,76,fighting,,50.2,1,0
55,70,45,75,1000000,1.2,90,Lickitung,108,30,normal,,65.5,1,0
65,70,190,95,1000000,0.6,40,Koffing,109,35,poison,,1.0,1,0
90,70,60,120,1000000,1.2,65,Weezing,110,60,poison,,9.5,1,0
85,70,120,95,1250000,1.0,80,Rhyhorn,111,25,ground,rock,115.0,1,0
130,70,60,120,1250000,1.9,105,Rhydon,112,40,ground,rock,120.0,1,0
5,140,30,5,800000,1.1,250,Chansey,113,50,normal,,34.6,1,0
55,70,45,115,1000000,1.0,65,Tangela,114,60,grass,,35.0,1,0
125,70,45,100,1000000,2.2,105,Kangaskhan,115,100,normal,,80.0,1,0
40,70,225,70,1000000,0.4,30,Horsea,116,60,water,,8.0,1,0
65,70,75,95,1000000,1.2,55,Seadra,117,85,water,,25.0,1,0
67,70,225,60,1000000,0.6,45,Goldeen,118,63,water,,15.0,1,0
92,70,60,65,1000000,1.3,80,Seaking,119,68,water,,39.0,1,0
45,70,225,55,1250000,0.8,30,Staryu,120,85,water,,34.5,1,0
75,70,60,85,1250000,1.1,60,Starmie,121,115,water,psychic,80.0,1,0
45,70,45,65,1000000,1.3,40,Mr. Mime,122,90,psychic,fairy,54.5,1,0
110,70,45,80,1000000,1.5,70,Scyther,123,105,bug,flying,56.0,1,0
50,70,45,35,1000000,1.4,65,Jynx,124,95,ice,psychic,40.6,1,0
83,70,45,57,1000000,1.1,65,Electabuzz,125,105,electric,,30.0,1,0
95,70,45,57,1000000,1.3,65,Magmar,126,93,fire,,44.5,1,0
155,70,45,120,1250000,1.5,65,Pinsir,127,105,bug,,55.0,1,0
100,70,45,95,1250000,1.4,75,Tauros,128,110,normal,,88.4,1,0
10,70,255,55,1250000,0.9,20,Magikarp,129,80,water,,10.0,1,0
155,70,45,109,1250000,6.5,95,Gyarados,130,81,water,flying,235.0,1,0
85,70,45,80,1250000,2.5,130,Lapras,131,60,water,ice,220.0,1,0
48,70,35,48,1000000,0.3,48,Ditto,132,48,normal,,4.0,1,0
55,70,45,50,1000000,0.3,55,Eevee,133,55,normal,,6.5,1,0
65,70,45,60,1000000,1.0,130,Vaporeon,134,65,water,,29.0,1,0
65,70,45,60,1000000,0.8,65,Jolteon,135,130,electric,,24.5,1,0
130,70,45,60,1000000,0.9,65,Flareon,136,65,fire,,25.0,1,0
60,70,45,70,1000000,0.8,65,Porygon,137,40,normal,,36.5,1,0
40,70,45,100,1000000,0.4,35,Omanyte,138,35,rock,water,7.5,1,0
60,70,45,125,1000000,1.0,70,Omastar,139,55,rock,water,35.0,1,0
80,70,45,90,1000000,0.5,30,Kabuto,140,55,rock,water,11.5,1,0
115,70,45,105,1000000,1.3,60,Kabutops,141,80,rock,water,40.5,1,0
135,70,45,85,1250000,1.8,80,Aerodactyl,142,150,rock,flying,59.0,1,0
110,70,25,65,1250000,2.1,160,Snorlax,143,30,normal,,460.0,1,0
85,35,3,100,1250000,1.7,90,Articuno,144,85,ice,flying,55.4,1,1
90,35,3,85,1250000,1.6,90,Zapdos,145,100,electric,flying,52.6,1,1
100,35,3,90,1250000,2.0,90,Moltres,146,90,fire,flying,60.0,1,1
64,35,45,45,1250000,1.8,41,Dratini,147,50,dragon,,3.3,1,0
84,35,45,65,1250000,4.0,61,Dragonair,148,70,dragon,,16.5,1,0
134,35,45,95,1250000,2.2,91,Dragonite,149,80,dragon,flying,210.0,1,0
150,0,3,70,1250000,2.0,106,Mewtwo,150,140,psychic,,122.0,1,1
100,100,45,100,1059860,0.4,100,Mew,151,100,psychic,,4.0,1,1
49,70,45,65,1059860,0.9,45,Chikorita,152,45,grass,,6.4,2,0
62,70,45,80,1059860,1.2,60,Bayleef,153,60,grass,,15.8,2,0
82,70,45,100,1059860,1.8,80,Meganium,154,80,grass,,100.5,2,0
52,70,45,43,1059860,0.5,39,Cyndaquil,155,65,fire,,7.9,2,0
64,70,45,58,1059860,0.9,58,Quilava,156,80,fire,,19.0,2,0
84,70,45,78,1059860,1.7,78,Typhlosion,157,100,fire,,79.5,2,0
65,70,45,64,1059860,0.6,50,Totodile,158,43,water,,9.5,2,0
80,70,45,80,1059860,1.1,65,Croconaw,159,58,water,,25.0,2,0
105,70,45,100,1059860,2.3,85,Feraligatr,160,78,water,,88.8,2,0
46,70,255,34,1000000,0.8,35,Sentret,161,20,normal,,6.0,2,0
76,70,90,64,1000000,1.8,85,Furret,162,90,normal,,32.5,2,0
30,70,255,30,1000000,0.7,60,Hoothoot,163,50,normal,flying,21.2,2,0
50,70,90,50,1000000,1.6,100,Noctowl,164,70,normal,flying,40.8,2,0
20,70,255,30,800000,1.0,40,Ledyba,165,55,bug,flying,10.8,2,0
35,70,90,50,800000,1.4,55,Ledian,166,85,bug,flying,35.6,2,0
60,70,255,40,800000,0.5,40,Spinarak,167,30,bug,poison,8.5,2,0
90,70,90,70,800000,1.1,70,Ariados,168,40,bug,poison,33.5,2,0
90,70,90,80,1000000,1.8,85,Crobat,169,130,poison,flying,75.0,2,0
38,70,190,38,1250000,0.5,75,Chinchou,170,67,water,electric,12.0,2,0
58,70,75,58,1250000,1.2,125,Lanturn,171,67,water,electric,22.5,2,0
40,70,190,15,1000000,0.3,20,Pichu,172,60,electric,,2.0,2,0
25,140,150,28,800000,0.3,50,Cleffa,173,15,fairy,,3.0,2,0
30,70,170,15,800000,0.3,90,Igglybuff,174,15,normal,fairy,1.0,2,0
20,70,190,65,800000,0.3,35,Togepi,175,20,fairy,,1.5,2,0
40,70,75,85,800000,0.6,55,Togetic,176,40,fairy,flying,3.2,2,0
50,70,190,45,1000000,0.2,40,Natu,177,70,psychic,flying,2.0,2,0
75,70,75,70,1000000,1.5,65,Xatu,178,95,psychic,flying,15.0,2,0
40,70,235,40,1059860,0.6,55,Mareep,179,35,electric,,7.8,2,0
55,70,120,55,1059860,0.8,70,Flaaffy,180,45,electric,,13.3,2,0
95,70,45,105,1059860,1.4,90,Ampharos,181,45,electric,,61.5,2,0
80,70,45,95,1059860,0.4,75,Bellossom,182,50,grass,,5.8,2,0
20,70,190,50,800000,0.4,70,Marill,183,40,water,fairy,8.5,2,0
50,70,75,80,800000,0.8,100,Azumarill,184,50,water,fairy,28.5,2,0
100,70,65,115,1000000,1.2,70,Sudowoodo,185,30,rock,,38.0,2,0
75,70,45,75,1059860,1.1,90,Politoed,186,70,water,,33.9,2,0
35,70,255,40,1059860,0.4,35,Hoppip,187,50,grass,flying,0.5,2,0
45,70,120,50,1059860,0.6,55,Skiploom,188,80,grass,flying,1.0,2,0
55,70,45,70,1059860,0.8,75,Jumpluff,189,110,grass,flying,3.0,2,0
70,70,45,55,800000,0.8,55,Aipom,190,85,normal,,11.5,2,0
30,70,235,30,1059860,0.3,30,Sunkern,191,30,grass,,1.8,2,0
75,70,120,55,1059860,0.8,75,Sunflora,192,30,grass,,8.5,2,0
65,70,75,45,1000000,1.2,65,Yanma,193,95,bug,flying,38.0,2,0
45,70,255,45,1000000,0.4,55,Wooper,194,15,water,ground,8.5,2,0
85,70,90,85,1000000,1.4,95,Quagsire,195,35,water,ground,75.0,2,0
65,70,45,60,1000000,0.9,65,Espeon,196,110,psychic,,26.5,2,0
65,35,45,110,1000000,1.0,95,Umbreon,197,65,dark,,27.0,2,0
85,35,30,42,1059860,0.5,60,Murkrow,198,91,dark,flying,2.1,2,0
75,70,70,80,1000000,2.0,95,Slowking,199,30,water,psychic,79.5,2,0
60,35,45,60,800000,0.7,60,Misdreavus,200,85,ghost,,1.0,2,0
72,70,225,48,1000000,0.5,48,Unown,201,48,psychic,,5.0,2,0
33,70,45,58,1000000,1.3,190,Wobbuffet,202,33,psychic,,28.5,2,0
80,70,60,65,1000000,1.5,70,Girafarig,203,85,normal,psychic,41.5,2,0
65,70,190,90,1000000,0.6,50,Pineco,204,15,bug,,7.2,2,0
90,70,75,140,1000000,1.2,75,Forretress,205,40,bug,steel,125.8,2,0
70,70,190,70,1000000,1.5,100,Dunsparce,206,45,normal,,14.0,2,0
75,70,60,105,1059860,1.1,65,Gligar,207,85,ground,flying,64.8,2,0
125,70,25,230,1000000,9.2,75,Steelix,208,30,steel,ground,400.0,2,0
80,70,190,50,800000,0.6,60,Snubbull,209,30,fairy,,7.8,2,0
120,70,75,75,800000,1.4,90,Granbull,210,45,fairy,,48.7,2,0
95,70,45,85,1000000,0.5,65,Qwilfish,211,85,water,poison,3.9,2,0
150,70,25,140,1000000,1.8,70,Scizor,212,75,bug,steel,118.0,2,0
10,70,190,230,1059860,0.6,20,Shuckle,213,5,bug,rock,20.5,2,0
185,70,45,115,1250000,1.5,80,Heracross,214,75,bug,fighting,54.0,2,0
95,35,60,55,1059860,0.9,55,Sneasel,215,115,dark,ice,28.0,2,0
80,70,120,50,1000000,0.6,60,Teddiursa,216,40,normal,,8.8,2,0
130,70,60,75,1000000,1.8,90,Ursaring,217,55,normal,,125.8,2,0
40,70,190,40,1000000,0.7,40,Slugma,218,20,fire,,35.0,2,0
50,70,75,120,1000000,0.8,60,Magcargo,219,30,fire,rock,55.0,2,0
50,70,225,40,1250000,0.4,50,Swinub,220,50,ice,ground,6.5,2,0
100,70,75,80,1250000,1.1,100,Piloswine,221,50,ice,ground,55.8,2,0
55,70,60,95,800000,0.6,65,Corsola,222,35,water,rock,5.0,2,0
65,70,190,35,1000000,0.6,35,Remoraid,223,65,water,,12.0,2,0
105,70,75,75,1000000,0.9,75,Octillery,224,45,water,,28.5,2,0
55,70,45,45,800000,0.9,45,Delibird,225,75,ice,flying,16.0,2,0
40,70,25,70,1250000,2.1,85,Mantine,226,70,water,flying,220.0,2,0
80,70,25,140,1250000,1.7,65,Skarmory,227,70,steel,flying,50.5,2,0
60,35,120,30,1250000,0.6,45,Houndour,228,65,dark,fire,10.8,2,0
90,35,45,90,1250000,1.4,75,Houndoom,229,115,dark,fire,35.0,2,0
95,70,45,95,1000000,1.8,75,Kingdra,230,85,water,dragon,152.0,2,0
60,70,120,60,1000000,0.5,90,Phanpy,231,40,ground,,33.5,2,0
120,70,60,120,1000000,1.1,90,Donphan,232,50,ground,,120.0,2,0
80,70,45,90,1000000,0.6,85,Porygon2,233,60,normal,,32.5,2,0
95,70,45,62,1250000,1.4,73,Stantler,234,85,normal,,71.2,2,0
20,70,45,35,800000,1.2,55,Smeargle,235,75,normal,,58.0,2,0
35,70,75,35,1000000,0.7,35,Tyrogue,236,35,fighting,,21.0,2,0
95,70,45,95,1000000,1.4,50,Hitmontop,237,70,fighting,,48.0,2,0
30,70,45,15,1000000,0.4,45,Smoochum,238,65,ice,psychic,6.0,2,0
63,70,45,37,1000000,0.6,45,Elekid,239,95,electric,,23.5,2,0
75,70,45,37,1000000,0.7,45,Magby,240,83,fire,,21.4,2,0
80,70,45,105,1250000,1.2,95,Miltank,241,100,normal,,75.5,2,0
10,140,30,10,800000,1.5,255,Blissey,242,55,normal,,46.8,2,0
85,35,3,75,1250000,1.9,90,Raikou,243,115,electric,,178.0,2,1
115,35,3,85,1250000,2.1,115,Entei,244,100,fire,,198.0,2,1
75,35,3,115,1250000,2.0,100,Suicune,245,85,water,,187.0,2,1
64,35,45,50,1250000,0.6,50,Larvitar,246,41,rock,ground,72.0,2,0
84,35,45,70,1250000,1.2,70,Pupitar,247,51,rock,ground,152.0,2,0
164,35,45,150,1250000,2.0,100,Tyranitar,248,71,rock,dark,202.0,2,0
90,0,3,130,1250000,5.2,106,Lugia,249,110,psychic,flying,216.0,2,1
130,0,3,90,1250000,3.8,106,Ho-Oh,250,90,fire,flying,199.0,2,1
100,100,45,100,1059860,0.6,100,Celebi,251,100,psychic,grass,5.0,2,1
45,70,45,35,1059860,0.5,40,Treecko,252,70,grass,,5.0,3,0
65,70,45,45,1059860,0.9,50,Grovyle,253,95,grass,,21.6,3,0
110,70,45,75,1059860,1.7,70,Sceptile,254,145,grass,,52.2,3,0
60,70,45,40,1059860,0.4,45,Torchic,255,45,fire,,2.5,3,0
85,70,45,60,1059860,0.9,60,Combusken,256,55,fire,fighting,19.5,3,0
160,70,45,80,1059860,1.9,80,Blaziken,257,100,fire,fighting,52.0,3,0
70,70,45,50,1059860,0.4,50,Mudkip,258,40,water,,7.6,3,0
85,70,45,70,1059860,0.7,70,Marshtomp,259,50,water,ground,28.0,3,0
150,70,45,110,1059860,1.5,100,Swampert,260,70,water,ground,81.9,3,0
55,70,255,35,1000000,0.5,35,Poochyena,261,35,dark,,13.6,3,0
90,70,127,70,1000000,1.0,70,Mightyena,262,70,dark,,37.0,3,0
30,70,255,41,1000000,0.4,38,Zigzagoon,263,60,normal,,17.5,3,0
70,70,90,61,1000000,0.5,78,Linoone,264,100,normal,,32.5,3,0
45,70,255,35,1000000,0.3,45,Wurmple,265,20,bug,,3.6,3,0
35,70,120,55,1000000,0.6,50,Silcoon,266,15,bug,,10.0,3,0
70,70,45,50,1000000,1.0,60,Beautifly,267,65,bug,flying,28.4,3,0
35,70,120,55,1000000,0.7,50,Cascoon,268,15,bug,,11.5,3,0
50,70,45,70,1000000,1.2,60,Dustox,269,65,bug,poison,31.6,3,0
30,70,255,30,1059860,0.5,40,Lotad,270,30,water,grass,2.6,3,0
50,70,120,50,1059860,1.2,60,Lombre,271,50,water,grass,32.5,3,0
70,70,45,70,1059860,1.5,80,Ludicolo,272,70,water,grass,55.0,3,0
40,70,255,50,1059860,0.5,40,Seedot,273,30,grass,,4.0,3,0
70,70,120,40,1059860,1.0,70,Nuzleaf,274,60,grass,dark,28.0,3,0
100,70,45,60,1059860,1.3,90,Shiftry,275,80,grass,dark,59.6,3,0
55,70,200,30,1059860,0.3,40,Taillow,276,85,normal,flying,2.3,3,0
85,70,45,60,1059860,0.7,60,Swellow,277,125,normal,flying,19.8,3,0
30,70,190,30,1000000,0.6,40,Wingull,278,85,water,flying,9.5,3,0
50,70,45,100,1000000,1.2,60,Pelipper,279,65,water,flying,28.0,3,0
25,35,235,25,1250000,0.4,28,Ralts,280,40,psychic,fairy,6.6,3,0
35,35,120,35,1250000,0.8,38,Kirlia,281,50,psychic,fairy,20.2,3,0
85,35,45,65,1250000,1.6,68,Gardevoir,282,100,psychic,fairy,48.4,3,0
30,70,200,32,1000000,0.5,40,Surskit,283,65,bug,water,1.7,3,0
60,70,75,62,1000000,0.8,70,Masquerain,284,80,bug,flying,3.6,3,0
40,70,255,60,1640000,0.4,60,Shroomish,285,35,grass,,4.5,3,0
130,70,90,80,1640000,1.2,60,Breloom,286,70,grass,fighting,39.2,3,0
60,70,255,60,1250000,0.8,60,Slakoth,287,30,normal,,24.0,3,0
80,70,120,80,1250000,1.4,80,Vigoroth,288,90,normal,,46.5,3,0
160,70,45,100,1250000,2.0,150,Slaking,289,100,normal,,130.5,3,0
45,70,255,90,600000,0.5,31,Nincada,290,40,bug,ground,5.5,3,0
90,70,120,45,600000,0.8,61,Ninjask,291,160,bug,flying,12.0,3,0
90,70,45,45,600000,0.8,1,Shedinja,292,40,bug,ghost,1.2,3,0
51,70,190,23,1059860,0.6,64,Whismur,293,28,normal,,16.3,3,0
71,70,120,43,1059860,1.0,84,Loudred,294,48,normal,,40.5,3,0
91,70,45,63,1059860,1.5,104,Exploud,295,68,normal,,84.0,3,0
60,70,180,30,1640000,1.0,72,Makuhita,296,25,fighting,,86.4,3,0
120,70,200,60,1640000,2.3,144,Hariyama,297,50,fighting,,253.8,3,0
20,70,150,40,800000,0.2,50,Azurill,298,20,normal,fairy,2.0,3,0
45,70,255,135,1000000,1.0,30,Nosepass,299,30,rock,,97.0,3,0
45,70,255,45,800000,0.6,50,Skitty,300,50,normal,,11.0,3,0
65,70,60,65,800000,1.1,70,Delcatty,301,90,normal,,32.6,3,0
85,35,45,125,1059860,0.5,50,Sableye,302,20,dark,ghost,11.0,3,0
105,70,45,125,800000,0.6,50,Mawile,303,50,steel,fairy,11.5,3,0
70,35,180,100,1250000,0.4,50,Aron,304,30,steel,rock,60.0,3,0
90,35,90,140,1250000,0.9,60,Lairon,305,40,steel,rock,120.0,3,0
140,35,45,230,1250000,2.1,70,Aggron,306,50,steel,rock,360.0,3,0
40,70,180,55,1000000,0.6,30,Meditite,307,60,fighting,psychic,11.2,3,0
100,70,90,85,1000000,1.3,60,Medicham,308,100,fighting,psychic,31.5,3,0
45,70,120,40,1250000,0.6,40,Electrike,309,65,electric,,15.2,3,0
75,70,45,80,1250000,1.5,70,Manectric,310,135,electric,,40.2,3,0
50,70,200,40,1000000,0.4,60,Plusle,311,95,electric,,4.2,3,0
40,70,200,50,1000000,0.4,60,Minun,312,95,electric,,4.2,3,0
73,70,150,75,600000,0.7,65,Volbeat,313,85,bug,,17.7,3,0
47,70,150,75,1640000,0.6,65,Illumise,314,85,bug,,17.7,3,0
60,70,150,45,1059860,0.3,50,Roselia,315,65,grass,poison,2.0,3,0
43,70,225,53,1640000,0.4,70,Gulpin,316,40,poison,,10.3,3,0
73,70,75,83,1640000,1.7,100,Swalot,317,55,poison,,80.0,3,0
90,35,225,20,1250000,0.8,45,Carvanha,318,65,water,dark,20.8,3,0
140,35,60,70,1250000,1.8,70,Sharpedo,319,105,water,dark,88.8,3,0
70,70,125,35,1640000,2.0,130,Wailmer,320,60,water,,130.0,3,0
90,70,60,45,1640000,14.5,170,Wailord,321,60,water,,398.0,3,0
60,70,255,40,1000000,0.7,60,Numel,322,35,fire,ground,24.0,3,0
120,70,150,100,1000000,1.9,70,Camerupt,323,20,fire,ground,220.0,3,0
85,70,90,140,1000000,0.5,70,Torkoal,324,20,fire,,80.4,3,0
25,70,255,35,800000,0.7,60,Spoink,325,60,psychic,,30.6,3,0
45,70,60,65,800000,0.9,80,Grumpig,326,80,psychic,,71.5,3,0
60,70,255,60,800000,1.1,60,Spinda,327,60,normal,,5.0,3,0
100,70,255,45,1059860,0.7,45,Trapinch,328,10,ground,,15.0,3,0
70,70,120,50,1059860,1.1,50,Vibrava,329,70,ground,dragon,15.3,3,0
100,70,45,80,1059860,2.0,80,Flygon,330,100,ground,dragon,82.0,3,0
85,35,190,40,1059860,0.4,50,Cacnea,331,35,grass,,51.3,3,0
115,35,60,60,1059860,1.3,70,Cacturne,332,55,grass,dark,77.4,3,0
40,70,255,60,600000,0.4,45,Swablu,333,50,normal,flying,1.2,3,0
110,70,45,110,600000,1.1,75,Altaria,334,80,dragon,flying,20.6,3,0
115,70,90,60,600000,1.3,73,Zangoose,335,90,normal,,40.3,3,0
100,70,90,60,1640000,2.7,73,Seviper,336,65,poison,,52.5,3,0
55,70,45,65,800000,1.0,90,Lunatone,337,70,rock,psychic,168.0,3,0
95,70,45,85,800000,1.2,90,Solrock,338,70,rock,psychic,154.0,3,0
48,70,190,43,1000000,0.4,50,Barboach,339,60,water,ground,1.9,3,0
78,70,75,73,1000000,0.9,110,Whiscash,340,60,water,ground,23.6,3,0
80,70,205,65,1640000,0.6,43,Corphish,341,35,water,,11.5,3,0
120,70,155,85,1640000,1.1,63,Crawdaunt,342,55,water,dark,32.8,3,0
40,70,255,55,1000000,0.5,40,Baltoy,343,55,ground,psychic,21.5,3,0
70,70,90,105,1000000,1.5,60,Claydol,344,75,ground,psychic,108.0,3,0
41,70,45,77,600000,1.0,66,Lileep,345,23,rock,grass,23.8,3,0
81,70,45,97,600000,1.5,86,Cradily,346,43,rock,grass,60.4,3,0
95,70,45,50,600000,0.7,45,Anorith,347,75,rock,bug,12.5,3,0
125,70,45,100,600000,1.5,75,Armaldo,348,45,rock,bug,68.2,3,0
15,70,255,20,600000,0.6,20,Feebas,349,80,water,,7.4,3,0
60,70,60,79,600000,6.2,95,Milotic,350,81,water,,162.0,3,0
70,70,45,70,1000000,0.3,70,Castform,351,70,normal,,0.8,3,0
90,70,200,70,1059860,1.0,60,Kecleon,352,40,normal,,22.0,3,0
75,35,225,35,800000,0.6,44,Shuppet,353,45,ghost,,2.3,3,0
165,35,45,75,800000,1.1,64,Banette,354,75,ghost,,12.5,3,0
40,35,190,90,800000,0.8,20,Duskull,355,25,ghost,,15.0,3,0
70,35,90,130,800000,1.6,40,Dusclops,356,25,ghost,,30.6,3,0
68,70,200,83,1250000,2.0,99,Tropius,357,51,grass,flying,100.0,3,0
50,70,45,80,800000,0.6,75,Chimecho,358,65,psychic,,1.0,3,0
150,35,30,60,1059860,1.2,65,Absol,359,115,dark,,47.0,3,0
23,70,125,48,1000000,0.6,95,Wynaut,360,23,psychic,,14.0,3,0
50,70,190,50,1000000,0.7,50,Snorunt,361,50,ice,,16.8,3,0
120,70,75,80,1000000,1.5,80,Glalie,362,100,ice,,256.5,3,0
40,70,255,50,1059860,0.8,70,Spheal,363,25,ice,water,39.5,3,0
60,70,120,70,1059860,1.1,90,Sealeo,364,45,ice,water,87.6,3,0
80,70,45,90,1059860,1.4,110,Walrein,365,65,ice,water,150.6,3,0
64,70,255,85,600000,0.4,35,Clamperl,366,32,water,,52.5,3,0
104,70,60,105,600000,1.7,55,Huntail,367,52,water,,27.0,3,0
84,70,60,105,600000,1.8,55,Gorebyss,368,52,water,,22.6,3,0
90,70,25,130,1250000,1.0,100,Relicanth,369,55,water,rock,23.4,3,0
30,70,225,55,800000,0.6,43,Luvdisc,370,97,water,,8.7,3,0
75,35,45,60,1250000,0.6,45,Bagon,371,50,dragon,,42.1,3,0
95,35,45,100,1250000,1.1,65,Shelgon,372,50,dragon,,110.5,3,0
145,35,45,130,1250000,1.5,95,Salamence,373,120,dragon,flying,102.6,3,0
55,35,3,80,1250000,0.6,40,Beldum,374,30,steel,psychic,95.2,3,0
75,35,3,100,1250000,1.2,60,Metang,375,50,steel,psychic,202.5,3,0
145,35,3,150,1250000,1.6,80,Metagross,376,110,steel,psychic,550.0,3,0
100,35,3,200,1250000,1.7,80,Regirock,377,50,rock,,230.0,3,1
50,35,3,100,1250000,1.8,80,Regice,378,50,ice,,175.0,3,1
75,35,3,150,1250000,1.9,80,Registeel,379,50,steel,,205.0,3,1
100,90,3,120,1250000,1.4,80,Latias,380,110,dragon,psychic,40.0,3,1
130,90,3,100,1250000,2.0,80,Latios,381,110,dragon,psychic,60.0,3,1
150,0,3,90,1250000,4.5,100,Kyogre,382,90,water,,352.0,3,1
180,0,3,160,1250000,3.5,100,Groudon,383,90,ground,,950.0,3,1
180,0,45,100,1250000,7.0,105,Rayquaza,384,115,dragon,flying,206.5,3,1
100,100,3,100,1250000,0.3,100,Jirachi,385,100,steel,psychic,1.1,3,1
95,0,3,90,1250000,1.7,50,Deoxys,386,180,psychic,,60.8,3,1
68,70,45,64,1059860,0.4,55,Turtwig,387,31,grass,,10.2,4,0
89,70,45,85,1059860,1.1,75,Grotle,388,36,grass,,97.0,4,0
109,70,45,105,1059860,2.2,95,Torterra,389,56,grass,ground,310.0,4,0
58,70,45,44,1059860,0.5,44,Chimchar,390,61,fire,,6.2,4,0
78,70,45,52,1059860,0.9,64,Monferno,391,81,fire,fighting,22.0,4,0
104,70,45,71,1059860,1.2,76,Infernape,392,108,fire,fighting,55.0,4,0
51,70,45,53,1059860,0.4,53,Piplup,393,40,water,,5.2,4,0
66,70,45,68,1059860,0.8,64,Prinplup,394,50,water,,23.0,4,0
86,70,45,88,1059860,1.7,84,Empoleon,395,60,water,steel,84.5,4,0
55,70,255,30,1059860,0.3,40,Starly,396,60,normal,flying,2.0,4,0
75,70,120,50,1059860,0.6,55,Staravia,397,80,normal,flying,15.5,4,0
120,70,45,70,1059860,1.2,85,Staraptor,398,100,normal,flying,24.9,4,0
45,70,255,40,1000000,0.5,59,Bidoof,399,31,normal,,20.0,4,0
85,70,127,60,1000000,1.0,79,Bibarel,400,71,normal,water,31.5,4,0
25,70,255,41,1059860,0.3,37,Kricketot,401,25,bug,,2.2,4,0
85,70,45,51,1059860,1.0,77,Kricketune,402,65,bug,,25.5,4,0
65,70,235,34,1059860,0.5,45,Shinx,403,45,electric,,9.5,4,0
85,100,120,49,1059860,0.9,60,Luxio,404,60,electric,,30.5,4,0
120,70,45,79,1059860,1.4,80,Luxray,405,70,electric,,42.0,4,0
30,70,255,35,1059860,0.2,40,Budew,406,55,grass,poison,1.2,4,0
70,70,75,65,1059860,0.9,60,Roserade,407,90,grass,poison,14.5,4,0
125,70,45,40,600000,0.9,67,Cranidos,408,58,rock,,31.5,4,0
165,70,45,60,600000,1.6,97,Rampardos,409,58,rock,,102.5,4,0
42,70,45,118,600000,0.5,30,Shieldon,410,30,rock,steel,57.0,4,0
52,70,45,168,600000,1.3,60,Bastiodon,411,30,rock,steel,149.5,4,0
29,70,120,45,1000000,0.2,40,Burmy,412,36,bug,,3.4,4,0
69,70,45,95,1000000,0.5,60,Wormadam,413,36,bug,grass,6.5,4,0
94,70,45,50,1000000,0.9,70,Mothim,414,66,bug,flying,23.3,4,0
30,70,120,42,1059860,0.3,30,Combee,415,70,bug,flying,5.5,4,0
80,70,45,102,1059860,1.2,70,Vespiquen,416,40,bug,flying,38.5,4,0
45,100,200,70,1000000,0.4,60,Pachirisu,417,95,electric,,3.9,4,0
65,70,190,35,1000000,0.7,55,Buizel,418,85,water,,29.5,4,0
105,70,75,55,1000000,1.1,85,Floatzel,419,115,water,,33.5,4,0
35,70,190,45,1000000,0.4,45,Cherubi,420,35,grass,,3.3,4,0
60,70,75,70,1000000,0.5,70,Cherrim,421,85,grass,,9.3,4,0
48,70,190,48,1000000,0.3,76,Shellos,422,34,water,,6.3,4,0
83,70,75,68,1000000,0.9,111,Gastrodon,423,39,water,ground,29.9,4,0
100,100,45,66,800000,1.2,75,Ambipom,424,115,normal,,20.3,4,0
50,70,125,34,1640000,0.4,90,Drifloon,425,70,ghost,flying,1.2,4,0
80,70,60,44,1640000,1.2,150,Drifblim,426,80,ghost,flying,15.0,4,0
66,0,190,44,1000000,0.4,55,Buneary,427,85,normal,,5.5,4,0
136,140,60,94,1000000,1.2,65,Lopunny,428,135,normal,,33.3,4,0
60,35,45,60,800000,0.9,60,Mismagius,429,105,ghost,,4.4,4,0
125,35,30,52,1059860,0.9,100,Honchkrow,430,71,dark,flying,27.3,4,0
55,70,190,42,800000,0.5,49,Glameow,431,85,normal,,3.9,4,0
82,70,75,64,800000,1.0,71,Purugly,432,112,normal,,43.8,4,0
30,70,120,50,800000,0.2,45,Chingling,433,45,psychic,,0.6,4,0
63,70,225,47,1000000,0.4,63,Stunky,434,74,poison,dark,19.2,4,0
93,70,60,67,1000000,1.0,103,Skuntank,435,84,poison,dark,38.0,4,0
24,70,255,86,1000000,0.5,57,Bronzor,436,23,steel,psychic,60.5,4,0
89,70,90,116,1000000,1.3,67,Bronzong,437,33,steel,psychic,187.0,4,0
80,70,255,95,1000000,0.5,50,Bonsly,438,10,rock,,15.0,4,0
25,70,145,45,1000000,0.6,20,Mime Jr.,439,60,psychic,fairy,13.0,4,0
5,140,130,5,800000,0.6,100,Happiny,440,30,normal,,24.4,4,0
65,35,30,45,1059860,0.5,76,Chatot,441,91,normal,flying,1.9,4,0
92,70,100,108,1000000,1.0,50,Spiritomb,442,35,ghost,dark,108.0,4,0
70,70,45,45,1250000,0.7,58,Gible,443,42,dragon,ground,20.5,4,0
90,70,45,65,1250000,1.4,68,Gabite,444,82,dragon,ground,56.0,4,0
170,70,45,115,1250000,1.9,108,Garchomp,445,92,dragon,ground,95.0,4,0
85,70,50,40,1250000,0.6,135,Munchlax,446,5,normal,,105.0,4,0
70,70,75,40,1059860,0.7,40,Riolu,447,60,fighting,,20.2,4,0
145,70,45,88,1059860,1.2,70,Lucario,448,112,fighting,steel,54.0,4,0
72,70,140,78,1250000,0.8,68,Hippopotas,449,32,ground,,49.5,4,0
112,70,60,118,1250000,2.0,108,Hippowdon,450,47,ground,,300.0,4,0
50,70,120,90,1250000,0.8,40,Skorupi,451,65,poison,bug,12.0,4,0
90,70,45,110,1250000,1.3,70,Drapion,452,95,poison,dark,61.5,4,0
61,100,140,40,1000000,0.7,48,Croagunk,453,50,poison,fighting,23.0,4,0
106,70,75,65,1000000,1.3,83,Toxicroak,454,85,poison,fighting,44.4,4,0
100,70,200,72,1250000,1.4,74,Carnivine,455,46,grass,,27.0,4,0
49,70,190,56,600000,0.4,49,Finneon,456,66,water,,7.0,4,0
69,70,75,76,600000,1.2,69,Lumineon,457,91,water,,24.0,4,0
20,70,25,50,1250000,1.0,45,Mantyke,458,50,water,flying,65.0,4,0
62,70,120,50,1250000,1.0,60,Snover,459,40,grass,ice,50.5,4,0
132,70,60,105,1250000,2.2,90,Abomasnow,460,30,grass,ice,135.5,4,0
120,35,45,65,1059860,1.1,70,Weavile,461,125,dark,ice,34.0,4,0
70,70,30,115,1000000,1.2,70,Magnezone,462,60,electric,steel,180.0,4,0
85,70,30,95,1000000,1.7,110,Lickilicky,463,50,normal,,140.0,4,0
140,70,30,130,1250000,2.4,115,Rhyperior,464,40,ground,rock,282.8,4,0
100,70,30,125,1000000,2.0,100,Tangrowth,465,50,grass,,128.6,4,0
123,70,30,67,1000000,1.8,75,Electivire,466,95,electric,,138.6,4,0
95,70,30,67,1000000,1.6,75,Magmortar,467,83,fire,,68.0,4,0
50,70,30,95,800000,1.5,85,Togekiss,468,80,fairy,flying,38.0,4,0
76,70,30,86,1000000,1.9,86,Yanmega,469,95,bug,flying,51.5,4,0
110,35,45,130,1000000,1.0,65,Leafeon,470,95,grass,,25.5,4,0
60,35,45,110,1000000,0.8,65,Glaceon,471,65,ice,,25.9,4,0
95,70,30,125,1059860,2.0,75,Gliscor,472,95,ground,flying,42.5,4,0
130,70,50,80,1250000,2.5,110,Mamoswine,473,80,ice,ground,291.0,4,0
80,70,30,70,1000000,0.9,85,Porygon-Z,474,90,normal,,34.0,4,0
165,35,45,95,1250000,1.6,68,Gallade,475,110,psychic,fighting,52.0,4,0
55,70,60,145,1000000,1.4,60,Probopass,476,40,rock,steel,340.0,4,0
100,35,45,135,800000,2.2,45,Dusknoir,477,45,ghost,,106.6,4,0
80,70,75,70,1000000,1.3,70,Froslass,478,110,ice,ghost,26.6,4,0
65,70,45,107,1000000,0.3,50,Rotom,479,86,electric,ghost,0.3,4,0
75,140,3,130,1250000,0.3,75,Uxie,480,95,psychic,,0.3,4,1
105,140,3,105,1250000,0.3,80,Mesprit,481,80,psychic,,0.3,4,1
125,140,3,70,1250000,0.3,75,Azelf,482,115,psychic,,0.3,4,1
120,0,3,120,1250000,5.4,100,Dialga,483,90,steel,dragon,683.0,4,1
120,0,3,100,1250000,4.2,90,Palkia,484,100,water,dragon,336.0,4,1
90,100,3,106,1250000,1.7,91,Heatran,485,77,fire,steel,430.0,4,1
160,0,3,110,1250000,3.7,110,Regigigas,486,100,normal,,420.0,4,1
120,0,3,100,1250000,4.5,150,Giratina,487,90,ghost,dragon,750.0,4,1
70,100,3,120,1250000,1.5,120,Cresselia,488,85,psychic,,85.6,4,1
80,70,30,80,1250000,0.4,80,Phione,489,80,water,,3.1,4,0
100,70,3,100,1250000,0.3,100,Manaphy,490,100,water,,1.4,4,1
90,0,3,90,1250000,1.5,70,Darkrai,491,125,dark,,50.5,4,1
103,100,45,75,1059860,0.2,100,Shaymin,492,127,grass,grass,2.1,4,1
120,0,3,120,1250000,3.2,120,Arceus,493,120,normal,,320.0,4,1
100,100,3,100,1250000,0.4,100,Victini,494,100,psychic,fire,4.0,5,1
45,70,45,55,1059860,0.6,45,Snivy,495,63,grass,,8.1,5,0
60,70,45,75,1059860,0.8,60,Servine,496,83,grass,,16.0,5,0
75,70,45,95,1059860,3.3,75,Serperior,497,113,grass,,63.0,5,0
63,70,45,45,1059860,0.5,65,Tepig,498,45,fire,,9.9,5,0
93,70,45,55,1059860,1.0,90,Pignite,499,55,fire,fighting,55.5,5,0
123,70,45,65,1059860,1.6,110,Emboar,500,65,fire,fighting,150.0,5,0
55,70,45,45,1059860,0.5,55,Oshawott,501,45,water,,5.9,5,0
75,70,45,60,1059860,0.8,75,Dewott,502,60,water,,24.5,5,0
100,70,45,85,1059860,1.5,95,Samurott,503,70,water,,94.6,5,0
55,70,255,39,1000000,0.5,45,Patrat,504,42,normal,,11.6,5,0
85,70,255,69,1000000,1.1,60,Watchog,505,77,normal,,27.0,5,0
60,70,255,45,1059860,0.4,45,Lillipup,506,55,normal,,4.1,5,0
80,70,120,65,1059860,0.9,65,Herdier,507,60,normal,,14.7,5,0
110,70,45,90,1059860,1.2,85,Stoutland,508,80,normal,,61.0,5,0
50,70,255,37,1000000,0.4,41,Purrloin,509,66,dark,,10.1,5,0
88,70,90,50,1000000,1.1,64,Liepard,510,106,dark,,37.5,5,0
53,70,190,48,1000000,0.6,50,Pansage,511,64,grass,,10.5,5,0
98,70,75,63,1000000,1.1,75,Simisage,512,101,grass,,30.5,5,0
53,70,190,48,1000000,0.6,50,Pansear,513,64,fire,,11.0,5,0
98,70,75,63,1000000,1.0,75,Simisear,514,101,fire,,28.0,5,0
53,70,190,48,1000000,0.6,50,Panpour,515,64,water,,13.5,5,0
98,70,75,63,1000000,1.0,75,Simipour,516,101,water,,29.0,5,0
25,70,190,45,800000,0.6,76,Munna,517,24,psychic,,23.3,5,0
55,70,75,85,800000,1.1,116,Musharna,518,29,psychic,,60.5,5,0
55,70,255,50,1059860,0.3,50,Pidove,519,43,normal,flying,2.1,5,0
77,70,120,62,1059860,0.6,62,Tranquill,520,65,normal,flying,15.0,5,0
115,70,45,80,1059860,1.2,80,Unfezant,521,93,normal,flying,29.0,5,0
60,70,190,32,1000000,0.8,45,Blitzle,522,76,electric,,29.8,5,0
100,70,75,63,1000000,1.6,75,Zebstrika,523,116,electric,,79.5,5,0
75,70,255,85,1059860,0.4,55,Roggenrola,524,15,rock,,18.0,5,0
105,70,120,105,1059860,0.9,70,Boldore,525,20,rock,,102.0,5,0
135,70,45,130,1059860,1.7,85,Gigalith,526,25,rock,,260.0,5,0
45,70,190,43,1000000,0.4,65,Woobat,527,72,psychic,flying,2.1,5,0
57,70,45,55,1000000,0.9,67,Swoobat,528,114,psychic,flying,10.5,5,0
85,70,120,40,1000000,0.3,60,Drilbur,529,68,ground,,8.5,5,0
135,70,60,60,1000000,0.7,110,Excadrill,530,88,ground,steel,40.4,5,0
60,70,255,126,800000,1.1,103,Audino,531,50,normal,,31.0,5,0
80,70,180,55,1059860,0.6,75,Timburr,532,35,fighting,,12.5,5,0
105,70,90,85,1059860,1.2,85,Gurdurr,533,40,fighting,,40.0,5,0
140,70,45,95,1059860,1.4,105,Conkeldurr,534,45,fighting,,87.0,5,0
50,70,255,40,1059860,0.5,50,Tympole,535,64,water,,4.5,5,0
65,70,120,55,1059860,0.8,75,Palpitoad,536,69,water,ground,17.0,5,0
95,70,45,75,1059860,1.5,105,Seismitoad,537,74,water,ground,62.0,5,0
100,70,45,85,1000000,1.3,120,Throh,538,45,fighting,,55.5,5,0
125,70,45,75,1000000,1.4,75,Sawk,539,85,fighting,,51.0,5,0
53,70,255,70,1059860,0.3,45,Sewaddle,540,42,bug,grass,2.5,5,0
63,70,120,90,1059860,0.5,55,Swadloon,541,42,bug,grass,7.3,5,0
103,70,45,80,1059860,1.2,75,Leavanny,542,92,bug,grass,20.5,5,0
45,70,255,59,1059860,0.4,30,Venipede,543,57,bug,poison,5.3,5,0
55,70,120,99,1059860,1.2,40,Whirlipede,544,47,bug,poison,58.5,5,0
100,70,45,89,1059860,2.5,60,Scolipede,545,112,bug,poison,200.5,5,0
27,70,190,60,1000000,0.3,40,Cottonee,546,66,grass,fairy,0.6,5,0
67,70,75,85,1000000,0.7,60,Whimsicott,547,116,grass,fairy,6.6,5,0
35,70,190,50,1000000,0.5,45,Petilil,548,30,grass,,6.6,5,0
60,70,75,75,1000000,1.1,70,Lilligant,549,90,grass,,16.3,5,0
92,70,25,65,1000000,1.0,70,Basculin,550,98,water,,18.0,5,0
72,70,180,35,1059860,0.7,50,Sandile,551,65,ground,dark,15.2,5,0
82,70,90,45,1059860,1.0,60,Krokorok,552,74,ground,dark,33.4,5,0
117,70,45,80,1059860,1.5,95,Krookodile,553,92,ground,dark,96.3,5,0
90,70,120,45,1059860,0.6,70,Darumaka,554,50,fire,,37.5,5,0
30,70,60,105,1059860,1.3,105,Darmanitan,555,55,fire,fire,92.9,5,0
86,70,255,67,1000000,1.0,75,Maractus,556,60,grass,,28.0,5,0
65,70,190,85,1000000,0.3,50,Dwebble,557,55,bug,rock,14.5,5,0
105,70,75,125,1000000,1.4,70,Crustle,558,45,bug,rock,200.0,5,0
75,35,180,70,1000000,0.6,50,Scraggy,559,48,dark,fighting,11.8,5,0
90,70,90,115,1000000,1.1,65,Scrafty,560,58,dark,fighting,30.0,5,0
58,70,45,80,1000000,1.4,72,Sigilyph,561,97,psychic,flying,14.0,5,0
30,70,190,85,1000000,0.5,38,Yamask,562,30,ghost,,1.5,5,0
50,70,90,145,1000000,1.7,58,Cofagrigus,563,30,ghost,,76.5,5,0
78,70,45,103,1000000,0.7,54,Tirtouga,564,22,water,rock,16.5,5,0
108,70,45,133,1000000,1.2,74,Carracosta,565,32,water,rock,81.0,5,0
112,70,45,45,1000000,0.5,55,Archen,566,70,rock,flying,9.5,5,0
140,70,45,65,1000000,1.4,75,Archeops,567,110,rock,flying,32.0,5,0
50,70,190,62,1000000,0.6,50,Trubbish,568,65,poison,,31.0,5,0
95,70,60,82,1000000,1.9,80,Garbodor,569,75,poison,,107.3,5,0
65,70,75,40,1059860,0.7,40,Zorua,570,65,dark,,12.5,5,0
105,70,45,60,1059860,1.6,60,Zoroark,571,105,dark,,81.1,5,0
50,70,255,40,800000,0.4,55,Minccino,572,75,normal,,5.8,5,0
95,70,60,60,800000,0.5,75,Cinccino,573,115,normal,,7.5,5,0
30,70,200,50,1059860,0.4,45,Gothita,574,45,psychic,,5.8,5,0
45,70,100,70,1059860,0.7,60,Gothorita,575,55,psychic,,18.0,5,0
55,70,50,95,1059860,1.5,70,Gothitelle,576,65,psychic,,44.0,5,0
30,70,200,40,1059860,0.3,45,Solosis,577,20,psychic,,1.0,5,0
40,70,100,50,1059860,0.6,65,Duosion,578,30,psychic,,8.0,5,0
65,70,50,75,1059860,1.0,110,Reuniclus,579,30,psychic,,20.1,5,0
44,70,190,50,1000000,0.5,62,Ducklett,580,55,water,flying,5.5,5,0
87,70,45,63,1000000,1.3,75,Swanna,581,98,water,flying,24.2,5,0
50,70,255,50,1250000,0.4,36,Vanillite,582,44,ice,,5.7,5,0
65,70,120,65,1250000,1.1,51,Vanillish,583,59,ice,,41.0,5,0
95,70,45,85,1250000,1.3,71,Vanilluxe,584,79,ice,,57.5,5,0
60,70,190,50,1000000,0.6,60,Deerling,585,75,normal,grass,19.5,5,0
100,70,75,70,1000000,1.9,80,Sawsbuck,586,95,normal,grass,92.5,5,0
75,70,200,60,1000000,0.4,55,Emolga,587,103,electric,flying,5.0,5,0
75,70,200,45,1000000,0.5,50,Karrablast,588,60,bug,,5.9,5,0
135,70,75,105,1000000,1.0,70,Escavalier,589,20,bug,steel,33.0,5,0
55,70,190,45,1000000,0.2,69,Foongus,590,15,grass,poison,1.0,5,0
85,70,75,70,1000000,0.6,114,Amoonguss,591,30,grass,poison,10.5,5,0
40,70,190,50,1000000,1.2,55,Frillish,592,40,water,ghost,33.0,5,0
60,70,60,70,1000000,2.2,100,Jellicent,593,60,water,ghost,135.0,5,0
75,70,75,80,800000,1.2,165,Alomomola,594,65,water,,31.6,5,0
47,70,190,50,1000000,0.1,50,Joltik,595,65,bug,electric,0.6,5,0
77,70,75,60,1000000,0.8,70,Galvantula,596,108,bug,electric,14.3,5,0
50,70,255,91,1000000,0.6,44,Ferroseed,597,10,grass,steel,18.8,5,0
94,70,90,131,1000000,1.0,74,Ferrothorn,598,20,grass,steel,110.0,5,0
55,70,130,70,1059860,0.3,40,Klink,599,30,steel,,21.0,5,0
80,70,60,95,1059860,0.6,60,Klang,600,50,steel,,51.0,5,0
100,70,30,115,1059860,0.6,60,Klinklang,601,90,steel,,81.0,5,0
55,70,190,40,1250000,0.2,35,Tynamo,602,60,electric,,0.3,5,0
85,70,60,70,1250000,1.2,65,Eelektrik,603,40,electric,,22.0,5,0
115,70,30,80,1250000,2.1,85,Eelektross,604,50,electric,,80.5,5,0
55,70,255,55,1000000,0.5,55,Elgyem,605,30,psychic,,9.0,5,0
75,70,90,75,1000000,1.0,75,Beheeyem,606,40,psychic,,34.5,5,0
30,70,190,55,1059860,0.3,50,Litwick,607,20,ghost,fire,3.1,5,0
40,70,90,60,1059860,0.6,60,Lampent,608,55,ghost,fire,13.0,5,0
55,70,45,90,1059860,1.0,60,Chandelure,609,80,ghost,fire,34.3,5,0
87,35,75,60,1250000,0.6,46,Axew,610,57,dragon,,18.0,5,0
117,35,60,70,1250000,1.0,66,Fraxure,611,67,dragon,,36.0,5,0
147,35,45,90,1250000,1.8,76,Haxorus,612,97,dragon,,105.5,5,0
70,70,120,40,1000000,0.5,55,Cubchoo,613,40,ice,,8.5,5,0
130,70,60,80,1000000,2.6,95,Beartic,614,50,ice,,260.0,5,0
50,70,25,50,1000000,1.1,80,Cryogonal,615,105,ice,,148.0,5,0
40,70,200,85,1000000,0.4,50,Shelmet,616,25,bug,,7.7,5,0
70,70,75,40,1000000,0.8,80,Accelgor,617,145,bug,,25.3,5,0
66,70,75,84,1000000,0.7,109,Stunfisk,618,32,ground,electric,11.0,5,0
85,70,180,50,1059860,0.9,45,Mienfoo,619,65,fighting,,20.0,5,0
125,70,45,60,1059860,1.4,65,Mienshao,620,105,fighting,,35.5,5,0
120,70,45,90,1000000,1.6,77,Druddigon,621,48,dragon,,139.0,5,0
74,70,190,50,1000000,1.0,59,Golett,622,35,ground,ghost,92.0,5,0
124,70,90,80,1000000,2.8,89,Golurk,623,55,ground,ghost,330.0,5,0
85,35,120,70,1000000,0.5,45,Pawniard,624,60,dark,steel,10.2,5,0
125,35,45,100,1000000,1.6,65,Bisharp,625,70,dark,steel,70.0,5,0
110,70,45,95,1000000,1.6,95,Bouffalant,626,55,normal,,94.6,5,0
83,70,190,50,1250000,0.5,70,Rufflet,627,60,normal,flying,10.5,5,0
123,70,60,75,1250000,1.5,100,Braviary,628,80,normal,flying,41.0,5,0
55,35,190,75,1250000,0.5,70,Vullaby,629,60,dark,flying,9.0,5,0
65,35,60,105,1250000,1.2,110,Mandibuzz,630,80,dark,flying,39.5,5,0
97,70,90,66,1000000,1.4,85,Heatmor,631,65,fire,,58.0,5,0
109,70,90,112,1000000,0.3,58,Durant,632,109,bug,steel,33.0,5,0
65,35,45,50,1250000,0.8,52,Deino,633,38,dark,dragon,17.3,5,0
85,35,45,70,1250000,1.4,72,Zweilous,634,58,dark,dragon,50.0,5,0
105,35,45,90,1250000,1.8,92,Hydreigon,635,98,dark,dragon,160.0,5,0
85,70,45,55,1250000,1.1,55,Larvesta,636,60,bug,fire,28.8,5,0
60,70,15,65,1250000,1.6,85,Volcarona,637,100,bug,fire,46.0,5,0
90,35,3,129,1250000,2.1,91,Cobalion,638,108,steel,fighting,250.0,5,1
129,35,3,90,1250000,1.9,91,Terrakion,639,108,rock,fighting,260.0,5,1
90,35,3,72,1250000,2.0,91,Virizion,640,108,grass,fighting,200.0,5,1
100,90,3,80,1250000,1.5,79,Tornadus,641,121,flying,,63.0,5,1
105,90,3,70,1250000,1.5,79,Thundurus,642,101,electric,flying,61.0,5,1
120,0,3,100,1250000,3.2,100,Reshiram,643,90,dragon,fire,330.0,5,1
150,0,3,120,1250000,2.9,100,Zekrom,644,90,dragon,electric,345.0,5,1
145,90,3,90,1250000,1.5,89,Landorus,645,91,ground,flying,68.0,5,1
120,0,3,90,1250000,3.0,125,Kyurem,646,95,dragon,ice,325.0,5,1
72,35,3,90,1250000,1.4,91,Keldeo,647,108,water,fighting,48.5,5,1
128,100,3,90,1250000,0.6,100,Meloetta,648,128,normal,psychic,6.5,5,1
120,0,3,95,1250000,1.5,71,Genesect,649,99,bug,steel,82.5,5,1
61,70,45,65,1059860,0.4,56,Chespin,650,38,grass,,9.0,6,0
78,70,45,95,1059860,0.7,61,Quilladin,651,57,grass,,29.0,6,0
107,70,45,122,1059860,1.6,88,Chesnaught,652,64,grass,fighting,90.0,6,0
45,70,45,40,1059860,0.4,40,Fennekin,653,60,fire,,9.4,6,0
59,70,45,58,1059860,1.0,59,Braixen,654,73,fire,,14.5,6,0
69,70,45,72,1059860,1.5,75,Delphox,655,104,fire,psychic,39.0,6,0
56,70,45,40,1059860,0.3,41,Froakie,656,71,water,,7.0,6,0
63,70,45,52,1059860,0.6,54,Frogadier,657,97,water,,10.9,6,0
145,70,45,67,1059860,1.5,72,Greninja,658,132,water,dark,40.0,6,0
36,70,255,38,1000000,0.4,38,Bunnelby,659,57,normal,,5.0,6,0
56,70,127,77,1000000,1.0,85,Diggersby,660,78,normal,ground,42.4,6,0
50,70,255,43,1059860,0.3,45,Fletchling,661,62,normal,flying,1.7,6,0
73,70,120,55,1059860,0.7,62,Fletchinder,662,84,fire,flying,16.0,6,0
81,70,45,71,1059860,1.2,78,Talonflame,663,126,fire,flying,24.5,6,0
35,70,255,40,1000000,0.3,38,Scatterbug,664,35,bug,,2.5,6,0
22,70,120,60,1000000,0.3,45,Spewpa,665,29,bug,,8.4,6,0
52,70,45,50,1000000,1.2,80,Vivillon,666,89,bug,flying,17.0,6,0
50,70,220,58,1059860,0.6,62,Litleo,667,72,fire,normal,13.5,6,0
68,70,65,72,1059860,1.5,86,Pyroar,668,106,fire,normal,81.5,6,0
38,70,225,39,1000000,0.1,44,Flabébé,669,42,fairy,,0.1,6,0
65,70,120,67,1000000,0.2,74,Floette,670,92,fairy,,0.9,6,0
65,70,45,68,1000000,1.1,78,Florges,671,75,fairy,,10.0,6,0
65,70,200,48,1000000,0.9,66,Skiddo,672,52,grass,,31.0,6,0
100,70,45,62,1000000,1.7,123,Gogoat,673,68,grass,,91.0,6,0
82,70,220,62,1000000,0.6,67,Pancham,674,43,fighting,,8.0,6,0
124,70,65,78,1000000,2.1,95,Pangoro,675,58,fighting,dark,136.0,6,0
80,70,160,60,1000000,1.2,75,Furfrou,676,102,normal,,28.0,6,0
48,70,190,54,1000000,0.3,62,Espurr,677,68,psychic,,3.5,6,0
48,70,75,76,1000000,0.6,74,Meowstic,678,104,psychic,,8.5,6,0
80,70,180,100,1000000,0.8,45,Honedge,679,28,steel,ghost,2.0,6,0
110,70,90,150,1000000,0.8,59,Doublade,680,35,steel,ghost,4.5,6,0
150,70,45,50,1000000,1.7,60,Aegislash,681,60,steel,ghost,53.0,6,0
52,70,200,60,1000000,0.2,78,Spritzee,682,23,fairy,,0.5,6,0
72,70,140,72,1000000,0.8,101,Aromatisse,683,29,fairy,,15.5,6,0
48,70,200,66,1000000,0.4,62,Swirlix,684,49,fairy,,3.5,6,0
80,70,140,86,1000000,0.8,82,Slurpuff,685,72,fairy,,5.0,6,0
54,70,190,53,1000000,0.4,53,Inkay,686,45,dark,psychic,3.5,6,0
92,70,80,88,1000000,1.5,86,Malamar,687,73,dark,psychic,47.0,6,0
52,70,120,67,1000000,0.5,42,Binacle,688,50,rock,water,31.0,6,0
105,70,45,115,1000000,1.3,72,Barbaracle,689,68,rock,water,96.0,6,0
60,70,225,60,1000000,0.5,50,Skrelp,690,30,poison,water,7.3,6,0
75,70,55,90,1000000,1.8,65,Dragalge,691,44,poison,dragon,81.5,6,0
53,70,225,62,1250000,0.5,50,Clauncher,692,44,water,,8.3,6,0
73,70,55,88,1250000,1.3,71,Clawitzer,693,59,water,,35.3,6,0
38,70,190,33,1000000,0.5,44,Helioptile,694,70,electric,normal,6.0,6,0
55,70,75,52,1000000,1.0,62,Heliolisk,695,109,electric,normal,21.0,6,0
89,70,45,77,1000000,0.8,58,Tyrunt,696,48,rock,dragon,26.0,6,0
121,70,45,119,1000000,2.5,82,Tyrantrum,697,71,rock,dragon,270.0,6,0
59,70,45,50,1000000,1.3,77,Amaura,698,46,rock,ice,25.2,6,0
77,70,45,72,1000000,2.7,123,Aurorus,699,58,rock,ice,225.0,6,0
65,70,45,65,1000000,1.0,95,Sylveon,700,60,fairy,,23.5,6,0
92,70,100,75,1000000,0.8,78,Hawlucha,701,118,fighting,flying,21.5,6,0
58,70,180,57,1000000,0.2,67,Dedenne,702,101,electric,fairy,2.2,6,0
50,70,60,150,1250000,0.3,50,Carbink,703,50,rock,fairy,5.7,6,0
50,35,45,35,1250000,0.3,45,Goomy,704,40,dragon,,2.8,6,0
75,35,45,53,1250000,0.8,68,Sliggoo,705,60,dragon,,17.5,6,0
100,35,45,70,1250000,2.0,90,Goodra,706,80,dragon,,150.5,6,0
80,70,75,91,800000,0.2,57,Klefki,707,75,steel,fairy,3.0,6,0
70,70,120,48,1000000,0.4,43,Phantump,708,38,ghost,grass,7.0,6,0
110,70,60,76,1000000,1.5,85,Trevenant,709,56,ghost,grass,71.0,6,0
66,70,120,70,1000000,0.8,59,Pumpkaboo,710,41,ghost,grass,15.0,6,0
100,70,60,122,1000000,1.7,85,Gourgeist,711,54,ghost,grass,39.0,6,0
69,70,190,85,1000000,1.0,55,Bergmite,712,28,ice,,99.5,6,0
117,70,55,184,1000000,2.0,95,Avalugg,713,28,ice,,505.0,6,0
30,70,190,35,1000000,0.5,40,Noibat,714,55,flying,dragon,8.0,6,0
70,70,45,80,1000000,1.5,85,Noivern,715,123,flying,dragon,85.0,6,0
131,0,45,95,1250000,3.0,126,Xerneas,716,99,fairy,,215.0,6,1
131,0,45,95,1250000,5.8,126,Yveltal,717,99,dark,flying,203.0,6,1
100,0,3,121,1250000,5.0,216,Zygarde,718,85,dragon,ground,284.6,6,1
160,70,3,110,1250000,0.7,50,Diancie,719,110,rock,fairy,8.8,6,1
160,100,3,60,1250000,,80,Hoopa,720,80,psychic,ghost,,6,1
110,100,3,120,1250000,1.7,80,Volcanion,721,70,fire,water,195.0,6,1
55,70,45,55,1059860,0.3,68,Rowlet,722,42,grass,flying,1.5,7,0
75,70,45,75,1059860,0.7,78,Dartrix,723,52,grass,flying,16.0,7,0
107,70,45,75,1059860,1.6,78,Decidueye,724,70,grass,ghost,36.6,7,0
65,70,45,40,1059860,0.4,45,Litten,725,70,fire,,4.3,7,0
85,70,45,50,1059860,0.7,65,Torracat,726,90,fire,,25.0,7,0
115,70,45,90,1059860,1.8,95,Incineroar,727,60,fire,dark,83.0,7,0
54,70,45,54,1059860,0.4,50,Popplio,728,40,water,,7.5,7,0
69,70,45,69,1059860,0.6,60,Brionne,729,50,water,,17.5,7,0
74,70,45,74,1059860,1.8,80,Primarina,730,60,water,fairy,44.0,7,0
75,70,255,30,1000000,0.3,35,Pikipek,731,65,normal,flying,1.2,7,0
85,70,120,50,1000000,0.6,55,Trumbeak,732,75,normal,flying,14.8,7,0
120,70,45,75,1000000,1.1,80,Toucannon,733,60,normal,flying,26.0,7,0
70,70,255,30,1000000,0.4,48,Yungoos,734,45,normal,,6.0,7,0
110,70,127,60,1000000,0.7,88,Gumshoos,735,45,normal,,14.2,7,0
62,70,255,45,1000000,0.4,47,Grubbin,736,46,bug,,4.4,7,0
82,70,120,95,1000000,0.5,57,Charjabug,737,36,bug,electric,10.5,7,0
70,70,45,90,1000000,1.5,77,Vikavolt,738,43,bug,electric,45.0,7,0
82,70,225,57,1000000,0.6,47,Crabrawler,739,63,fighting,,7.0,7,0
132,70,60,77,1000000,1.7,97,Crabominable,740,43,fighting,ice,180.0,7,0
70,70,45,70,1000000,0.6,75,Oricorio,741,93,fire,flying,3.4,7,0
45,70,190,40,1000000,0.1,40,Cutiefly,742,84,bug,fairy,0.2,7,0
55,70,75,60,1000000,0.2,60,Ribombee,743,124,bug,fairy,0.5,7,0
65,70,190,40,1000000,0.5,45,Rockruff,744,60,rock,,9.2,7,0
115,70,90,75,1000000,,85,Lycanroc,745,82,rock,,,7,0
140,70,60,130,800000,0.2,45,Wishiwashi,746,30,water,,0.3,7,0
53,70,190,62,1000000,0.4,50,Mareanie,747,45,poison,water,8.0,7,0
63,70,75,152,1000000,0.7,50,Toxapex,748,35,poison,water,14.5,7,0
100,70,190,70,1000000,1.0,70,Mudbray,749,45,ground,,110.0,7,0
125,70,60,100,1000000,2.5,100,Mudsdale,750,35,ground,,920.0,7,0
40,70,200,52,1000000,0.3,38,Dewpider,751,27,water,bug,4.0,7,0
70,70,100,92,1000000,1.8,68,Araquanid,752,42,water,bug,82.0,7,0
55,70,190,35,1000000,0.3,40,Fomantis,753,35,grass,,1.5,7,0
105,70,75,90,1000000,0.9,70,Lurantis,754,45,grass,,18.5,7,0
35,70,190,55,1000000,0.2,40,Morelull,755,15,grass,fairy,1.5,7,0
45,70,75,80,1000000,1.0,60,Shiinotic,756,30,grass,fairy,11.5,7,0
44,70,120,40,1000000,0.6,48,Salandit,757,77,poison,fire,4.8,7,0
64,70,45,60,1000000,1.2,68,Salazzle,758,117,poison,fire,22.2,7,0
75,70,140,50,1000000,0.5,70,Stufful,759,50,normal,fighting,6.8,7,0
125,70,70,80,1000000,2.1,120,Bewear,760,60,normal,fighting,135.0,7,0
30,70,235,38,1059860,0.3,42,Bounsweet,761,32,grass,,3.2,7,0
40,70,120,48,1059860,0.7,52,Steenee,762,62,grass,,8.2,7,0
120,70,45,98,1059860,1.2,72,Tsareena,763,72,grass,,21.4,7,0
52,70,60,90,800000,0.1,51,Comfey,764,100,fairy,,0.3,7,0
60,70,45,80,1250000,1.5,90,Oranguru,765,60,normal,psychic,76.0,7,0
120,70,45,90,1250000,2.0,100,Passimian,766,80,fighting,,82.8,7,0
35,70,90,40,1000000,0.5,25,Wimpod,767,80,bug,water,12.0,7,0
125,70,45,140,1000000,2.0,75,Golisopod,768,40,bug,water,108.0,7,0
55,70,140,80,1000000,0.5,55,Sandygast,769,15,ghost,ground,70.0,7,0
75,70,60,110,1000000,1.3,85,Palossand,770,35,ghost,ground,250.0,7,0
60,70,60,130,800000,0.3,55,Pyukumuku,771,5,water,,1.2,7,0
95,0,3,95,1250000,1.9,95,Type: Null,772,59,normal,,120.5,7,0
95,0,3,95,1250000,2.3,95,Silvally,773,95,normal,,100.5,7,0
115,70,45,65,1250000,0.4,65,Komala,775,65,normal,,19.9,7,0
78,70,70,135,1000000,2.0,60,Turtonator,776,36,fire,dragon,212.0,7,0
98,70,180,63,1000000,0.3,65,Togedemaru,777,96,electric,steel,3.3,7,0
90,70,45,80,1000000,0.2,55,Mimikyu,778,96,ghost,fairy,0.7,7,0
105,70,80,70,1000000,0.9,68,Bruxish,779,92,water,psychic,19.0,7,0
60,70,70,85,1000000,3.0,78,Drampa,780,36,normal,dragon,185.0,7,0
131,70,25,100,1000000,3.9,70,Dhelmise,781,40,ghost,grass,210.0,7,0
55,70,45,65,1250000,0.6,45,Jangmo-o,782,45,dragon,,29.7,7,0
75,70,45,90,1250000,1.2,55,Hakamo-o,783,65,dragon,fighting,47.0,7,0
110,70,45,125,1250000,1.6,75,Kommo-o,784,85,dragon,fighting,78.2,7,0
115,70,3,85,1250000,1.8,70,Tapu Koko,785,130,electric,fairy,20.5,7,1
85,70,3,75,1250000,1.2,70,Tapu Lele,786,95,psychic,fairy,18.6,7,1
130,70,3,115,1250000,1.9,70,Tapu Bulu,787,75,grass,fairy,45.5,7,1
75,70,3,115,1250000,1.3,70,Tapu Fini,788,85,water,fairy,21.2,7,1
29,0,45,31,1250000,0.2,43,Cosmog,789,37,psychic,,0.1,7,1
29,0,45,131,1250000,0.1,43,Cosmoem,790,37,psychic,,999.9,7,1
137,0,45,107,1250000,3.4,137,Solgaleo,791,97,psychic,steel,230.0,7,1
113,0,45,89,1250000,4.0,137,Lunala,792,97,psychic,ghost,120.0,7,1
53,0,45,47,1250000,1.2,109,Nihilego,793,103,rock,poison,55.5,7,1
139,0,25,139,1250000,2.4,107,Buzzwole,794,79,bug,fighting,333.6,7,1
137,0,255,37,1250000,1.8,71,Pheromosa,795,151,bug,fighting,25.0,7,1
89,0,30,71,1250000,3.8,83,Xurkitree,796,83,electric,,100.0,7,1
101,0,25,103,1250000,9.2,97,Celesteela,797,61,steel,flying,999.9,7,1
181,0,255,131,1250000,0.3,59,Kartana,798,109,grass,steel,0.1,7,1
101,0,15,53,1250000,5.5,223,Guzzlord,799,43,dark,dragon,888.0,7,1
107,0,3,101,1250000,2.4,97,Necrozma,800,79,psychic,,230.0,7,1
95,0,3,115,1250000,1.0,80,Magearna,801,65,steel,fairy,80.5,7,1
